Car Code;Manufacturer;Model;Body;Price;Color;Year;Miles;Doors;Power;Gas;Speed;CCM;ZIP
2;bmw;325td;sedan;28699;dark_red;1995;66474;4;115;diesel;203;2500;8
3;bmw;320i;coupe;33299;dark_red;1995;31802;2;150;gasoline;241;3200;7
4;bmw;540i;station_wagon;87499;dark_green;1997;9874;5;285;gasoline;252;4000;1
5;bmw;520i;station_wagon;43599;black;1996;32292;5;150;gasoline;183;2000;9
6;bmw;316i;fastback;25599;dark_red;1995;53714;2;102;gasoline;183;1600;6
7;bmw;523i;station_wagon;55599;gray;1997;11230;5;170;gasoline;197;2300;0
8;bmw;318i;coupe;39099;light_gray;1996;12428;2;115;gasoline;183;1800;5
9;bmw;318i;sedan;30399;dark_gray;1995;43979;4;115;gasoline;183;1800;6
10;bmw;318i;sedan;16499;light_gray;1995;120039;4;115;gasoline;183;1800;6
11;mercedes-benz;e_280;station_wagon;58699;yellow;1997;17742;5;204;gasoline;213;2800;8
12;audi;a4_1.9_tdi;station_wagon;31899;dark_green;1994;36304;5;110;diesel;173;1900;8
13;bmw;525tds;station_wagon;34899;white;1995;65071;5;142;diesel;203;2500;0
14;mercedes-benz;c_200;station_wagon;14599;violet;1995;148011;5;136;gasoline;183;2000;5
15;mercedes-benz;e_430;sedan;41499;blue;1994;105427;4;278;gasoline;252;4300;1
16;bmw;325tds;sedan;41899;turquoise;1996;25976;4;142;diesel;203;2500;7
17;vw;passat;sedan;22099;dark_blue;1995;71433;4;90;diesel;183;1900;6
18;mercedes-benz;e_300_diesel;station_wagon;46799;light_gray;1995;44746;5;176;diesel;224;3000;1
19;vw;golf;convertible;18099;red;1994;41044;2;100;gasoline;183;1800;8
20;vw;passat;sedan;13099;green;1995;139492;4;110;diesel;183;1900;2
21;audi;a4_1.6;sedan;31499;green;1996;28484;4;101;gasoline;183;1600;9
22;mercedes-benz;e_300_diesel;station_wagon;44099;green;1996;51851;5;176;diesel;224;3000;2
23;vw;golf;fastback;19499;dark_green;1996;43520;2;64;diesel;183;1800;7
24;vw;passat;sedan;36599;gray;1996;19469;4;150;gasoline;183;1900;4
25;vw;golf;fastback;18599;orange;1994;61351;2;90;diesel;183;1800;2
26;bmw;m3;coupe;78199;orange;1996;16819;2;320;gasoline;241;3500;6
27;vw;golf;fastback;21499;turquoise;1996;11824;2;75;gasoline;183;1800;2
28;bmw;320i;convertible;33599;violet;1996;47531;2;150;gasoline;241;3200;4
29;vw;golf;convertible;13299;dark_green;1995;93704;2;100;gasoline;183;1800;1
30;vw;golf;convertible;22899;dark_red;1995;36372;2;90;diesel;183;1800;8
31;mercedes-benz;e_290_diesel;station_wagon;25299;dark_gray;1995;105397;5;130;diesel;224;2900;5
32;vw;passat;station_wagon;31899;yellow;1997;14464;5;100;gasoline;183;1900;7
33;mercedes-benz;slk_230_kompressor;roadster;27999;yellow;1995;95365;2;192;gasoline;197;2300;8
34;mercedes-benz;c_250_diesel;station_wagon;41299;blue;1996;34404;5;150;diesel;203;2500;1
35;bmw;528i;sedan;36799;dark_gray;1995;73783;4;193;gasoline;213;2800;2
36;vw;golf;fastback;8899;green;1995;157124;2;110;diesel;183;1800;7
37;vw;golf;convertible;21799;black;1996;42137;2;90;diesel;183;1800;1
38;bmw;318i;convertible;9699;gray;1994;184314;2;115;gasoline;183;1800;7
39;mercedes-benz;e_200;station_wagon;37499;turquoise;1994;42350;5;136;gasoline;183;2000;2
40;vw;golf;station_wagon;18699;dark_green;1996;48535;5;75;gasoline;183;1800;6
41;vw;golf;fastback;25199;orange;1997;12518;2;64;diesel;183;1800;8
42;bmw;z3_2.8;roadster;16899;dark_red;1994;153899;2;191;gasoline;213;2800;4
43;bmw;535i;sedan;61499;dark_green;1995;25044;4;235;gasoline;183;3500;8
44;mercedes-benz;c_200;sedan;30699;turquoise;1996;58491;4;136;gasoline;183;2000;2
45;vw;golf;fastback;32599;black;1996;43924;2;190;gasoline;183;1800;7
46;mercedes-benz;c_180;sedan;14799;red;1995;133262;4;122;gasoline;183;1800;8
47;vw;golf;station_wagon;6199;dark_gray;1995;184763;5;90;gasoline;183;1800;3
48;vw;golf;fastback;17699;white;1996;67307;2;90;diesel;183;1800;8
49;mercedes-benz;e_290_diesel;sedan;57599;violet;1997;6858;4;130;diesel;224;2900;7
50;bmw;318i;station_wagon;21899;red;1995;86248;5;115;gasoline;183;1800;9
51;mercedes-benz;c_250_diesel;sedan;26599;red;1995;87136;4;150;diesel;203;2500;9
52;bmw;318i;fastback;10599;red;1994;173794;2;115;gasoline;183;1800;6
53;vw;passat;sedan;32599;violet;1997;11888;4;100;gasoline;183;1900;8
54;mercedes-benz;e_300_diesel;station_wagon;36499;turquoise;1995;74544;5;176;diesel;224;3000;4
55;vw;golf;convertible;11899;green;1995;106803;2;90;gasoline;183;1800;6
56;vw;passat;station_wagon;24699;black;1996;66674;5;150;gasoline;183;1900;4
57;vw;golf;convertible;7599;dark_green;1994;160973;2;100;gasoline;183;1800;0
58;bmw;328i;convertible;56399;orange;1997;2713;2;193;gasoline;213;2800;4
59;vw;passat;sedan;14499;turquoise;1995;109004;4;100;gasoline;183;1900;7
60;bmw;z3_2.8;roadster;56699;black;1997;8678;2;191;gasoline;213;2800;5
61;mercedes-benz;c_220_diesel;sedan;14799;red;1994;138833;4;95;diesel;187;2200;2
62;bmw;328i;station_wagon;48399;dark_green;1996;18884;5;193;gasoline;213;2800;2
63;mercedes-benz;e_280;station_wagon;46299;black;1996;46104;5;204;gasoline;213;2800;0
64;vw;golf;fastback;18099;green;1995;56792;2;100;gasoline;183;1800;2
65;bmw;328i;station_wagon;19199;red;1994;132869;5;193;gasoline;213;2800;8
66;audi;a6_1.9_tdi;sedan;48999;dark_red;1997;11698;4;110;diesel;173;1900;4
67;mercedes-benz;e_430;station_wagon;88899;blue;1997;14055;5;278;gasoline;252;4300;6
68;mercedes-benz;c_240;station_wagon;11099;green;1994;192030;5;170;gasoline;213;2400;2
69;bmw;328i;sedan;55999;orange;1997;4262;4;193;gasoline;213;2800;7
70;bmw;318i;coupe;40099;dark_blue;1996;13756;2;115;gasoline;183;1800;2
71;vw;golf;fastback;26499;green;1996;33514;2;115;gasoline;183;1800;3
72;bmw;m3;coupe;55699;silver;1996;57635;2;320;gasoline;241;3500;0
73;bmw;318i;sedan;30899;blue;1996;45092;4;115;gasoline;183;1800;8
74;bmw;323i;fastback;37099;gray;1995;29442;2;170;gasoline;197;2300;6
75;bmw;523i;station_wagon;39799;turquoise;1995;51254;5;170;gasoline;197;2300;0
76;bmw;316i;fastback;26599;black;1995;48849;2;102;gasoline;183;1600;9
77;mercedes-benz;c_220_diesel;station_wagon;37299;silver;1997;27896;5;95;diesel;187;2200;1
78;bmw;328i;coupe;41899;dark_green;1995;39044;2;193;gasoline;213;2800;5
79;bmw;528i;sedan;55199;black;1996;17820;4;193;gasoline;213;2800;6
80;bmw;m3;sedan;36999;gray;1995;106825;4;320;gasoline;241;3500;8
81;vw;golf;fastback;11899;anthracite;1995;102731;2;64;diesel;183;1800;1
82;mercedes-benz;c_280;sedan;55699;yellow;1997;8845;4;197;gasoline;213;2800;5
83;bmw;z3_1.9;roadster;22799;orange;1995;94107;2;140;gasoline;183;1900;3
84;mercedes-benz;e_220_diesel;sedan;23299;anthracite;1995;102915;4;95;diesel;187;2200;7
85;audi;a4_1.8;sedan;32199;dark_blue;1995;18290;4;125;gasoline;183;1800;9
86;vw;passat;station_wagon;25199;white;1995;52571;5;125;gasoline;183;1900;7
87;bmw;z3_1.8;roadster;35999;dark_red;1996;26897;2;115;gasoline;183;1800;3
88;bmw;523i;sedan;24599;violet;1995;108838;4;170;gasoline;197;2300;5
89;audi;a4_1.6;station_wagon;23699;dark_red;1995;62990;5;101;gasoline;183;1600;4
90;mercedes-benz;c_220_diesel;station_wagon;33999;light_gray;1995;15473;5;95;diesel;187;2200;3
91;bmw;523i;station_wagon;25199;black;1995;106134;5;170;gasoline;197;2300;1
92;mercedes-benz;e_430;station_wagon;66999;orange;1996;48103;5;278;gasoline;252;4300;9
93;vw;golf;fastback;26399;green;1997;11367;2;90;gasoline;183;1800;1
94;mercedes-benz;c_250_diesel;station_wagon;32799;orange;1995;62135;5;150;diesel;203;2500;7
95;bmw;325td;sedan;21099;light_gray;1994;103768;4;115;diesel;203;2500;2
96;vw;golf;fastback;18499;red;1995;35110;2;75;gasoline;183;1800;1
97;vw;golf;fastback;10699;dark_gray;1994;102196;2;60;gasoline;183;1800;7
98;vw;golf;station_wagon;23899;violet;1996;38567;5;110;diesel;183;1800;5
99;audi;a4_1.9_tdi;sedan;38199;gray;1996;20668;4;110;diesel;173;1900;4
100;mercedes-benz;e_300_diesel;sedan;58499;yellow;1996;18146;4;176;diesel;224;3000;3
101;vw;golf;station_wagon;30399;violet;1997;9911;5;110;diesel;183;1800;9
102;vw;golf;station_wagon;28599;yellow;1996;59802;5;190;gasoline;183;1800;1
103;vw;golf;station_wagon;13799;gray;1995;104732;5;110;diesel;183;1800;6
104;mercedes-benz;e_280;sedan;56199;silver;1996;19033;4;204;gasoline;213;2800;2
105;bmw;328i;sedan;47699;dark_green;1996;23479;4;193;gasoline;213;2800;1
106;bmw;328i;convertible;12599;black;1994;182884;2;193;gasoline;213;2800;5
107;vw;golf;station_wagon;25499;black;1996;11090;5;90;diesel;183;1800;1
108;audi;a4_1.6;station_wagon;24699;turquoise;1994;43858;5;101;gasoline;183;1600;8
109;mercedes-benz;c_200;station_wagon;38799;green;1996;30452;5;136;gasoline;183;2000;3
110;audi;a4_1.9_tdi;sedan;31099;light_gray;1994;42535;4;110;diesel;173;1900;3
111;vw;golf;convertible;10399;light_gray;1994;119033;2;75;gasoline;183;1800;3
112;vw;golf;fastback;21799;dark_gray;1995;35196;2;90;diesel;183;1800;7
113;bmw;540i;station_wagon;88599;light_gray;1997;7599;5;285;gasoline;252;4000;3
114;mercedes-benz;e_200;station_wagon;24999;blue;1995;98939;5;136;gasoline;183;2000;9
115;bmw;320i;sedan;47999;silver;1997;2798;4;150;gasoline;241;3200;7
116;audi;a4_1.9_tdi;station_wagon;41499;silver;1997;6962;5;90;diesel;173;1900;4
117;mercedes-benz;c_220_diesel;sedan;11599;green;1994;168219;4;95;diesel;187;2200;4
118;vw;golf;fastback;22199;blue;1997;14174;2;60;gasoline;183;1800;4
119;vw;golf;station_wagon;12399;dark_red;1995;97907;5;64;diesel;183;1800;7
120;vw;golf;station_wagon;13499;gray;1995;91379;5;100;gasoline;183;1800;1
121;bmw;323i;sedan;19699;turquoise;1994;118883;4;170;gasoline;197;2300;1
122;mercedes-benz;e_290_diesel;sedan;55999;dark_gray;1997;10250;4;130;diesel;224;2900;9
123;bmw;523i;sedan;20599;anthracite;1995;130378;4;170;gasoline;197;2300;1
124;bmw;m_roadster;roadster;82699;dark_gray;1997;11479;2;320;gasoline;241;3200;4
125;vw;golf;station_wagon;23399;dark_green;1997;21629;5;64;diesel;183;1800;9
126;bmw;523i;sedan;28599;yellow;1995;90795;4;170;gasoline;197;2300;6
127;bmw;328i;coupe;26499;turquoise;1994;93950;2;193;gasoline;213;2800;2
128;bmw;328i;station_wagon;56099;gray;1997;2100;5;193;gasoline;213;2800;3
129;mercedes-benz;c_240;sedan;51799;dark_blue;1997;7185;4;170;gasoline;213;2400;2
130;audi;a4_2.8;sedan;49699;dark_gray;1996;6889;4;193;gasoline;213;2800;7
131;bmw;328i;coupe;37899;dark_blue;1994;50415;2;193;gasoline;213;2800;5
132;mercedes-benz;e_430;station_wagon;61699;green;1995;58002;5;278;gasoline;252;4300;5
133;bmw;525tds;sedan;33299;yellow;1994;70747;4;142;diesel;203;2500;2
134;vw;golf;convertible;19699;orange;1995;69137;2;115;gasoline;183;1800;2
135;audi;a4_1.6;station_wagon;15199;red;1995;116143;5;101;gasoline;183;1600;4
136;bmw;520i;sedan;34299;dark_gray;1996;60893;4;150;gasoline;183;2000;2
137;bmw;528i;station_wagon;46299;light_gray;1996;46073;5;193;gasoline;213;2800;8
138;vw;golf;convertible;13699;anthracite;1995;85505;2;75;gasoline;183;1800;1
139;vw;golf;fastback;11899;dark_gray;1996;89053;2;60;gasoline;183;1800;0
140;mercedes-benz;e_280;sedan;56099;dark_green;1996;22737;4;204;gasoline;213;2800;6
141;bmw;540i;sedan;51699;white;1995;72996;4;285;gasoline;252;4000;4
142;mercedes-benz;e_320;station_wagon;53699;black;1995;47764;5;224;gasoline;241;3200;3
143;mercedes-benz;e_300_diesel;sedan;29799;black;1995;99078;4;176;diesel;224;3000;3
144;vw;golf;station_wagon;14799;dark_gray;1995;76755;5;64;diesel;183;1800;8
145;audi;a4_1.6;station_wagon;10899;blue;1995;155998;5;101;gasoline;183;1600;3
146;mercedes-benz;e_280;station_wagon;44699;green;1995;50275;5;204;gasoline;213;2800;2
147;mercedes-benz;c_200;sedan;43599;dark_blue;1997;16373;4;136;gasoline;183;2000;2
148;vw;passat;sedan;13599;light_blue;1995;129801;4;90;diesel;183;1900;1
149;vw;golf;fastback;16499;dark_blue;1996;50194;2;60;gasoline;183;1800;3
150;vw;golf;fastback;23899;gray;1995;38652;2;110;diesel;183;1800;6
151;bmw;323i;fastback;51099;dark_blue;1997;4296;2;170;gasoline;197;2300;2
152;vw;golf;fastback;27999;violet;1996;16766;2;110;diesel;183;1800;2
153;vw;golf;fastback;10899;gray;1994;133085;2;110;diesel;183;1800;3
154;mercedes-benz;c_280;sedan;52399;gray;1997;16339;4;197;gasoline;213;2800;4
155;bmw;320i;coupe;43899;orange;1997;15741;2;150;gasoline;241;3200;6
156;vw;golf;fastback;11699;dark_green;1995;100542;2;75;gasoline;183;1800;3
157;vw;passat;sedan;12299;orange;1995;141859;4;90;diesel;183;1900;8
158;vw;golf;fastback;23099;blue;1995;22215;2;115;gasoline;183;1800;5
159;audi;a4_1.8;sedan;32799;anthracite;1995;30656;4;125;gasoline;183;1800;7
160;bmw;325td;sedan;38599;black;1996;30929;4;115;diesel;203;2500;0
161;bmw;316i;coupe;23299;turquoise;1995;64899;2;102;gasoline;183;1600;4
162;audi;a4_1.9_tdi;sedan;20399;dark_green;1994;105446;4;110;diesel;173;1900;5
163;audi;a6_2.4;sedan;47299;silver;1996;24463;4;165;gasoline;213;2400;1
164;bmw;m3;station_wagon;52999;blue;1996;63616;5;320;gasoline;241;3500;2
165;vw;golf;fastback;21499;dark_blue;1995;51403;2;110;diesel;183;1800;4
166;audi;a4_2.8;sedan;42999;orange;1996;31774;4;193;gasoline;213;2800;9
167;vw;golf;station_wagon;19599;dark_green;1995;31763;5;75;diesel;183;1800;4
168;audi;a4_1.9_tdi;sedan;25199;orange;1996;79617;4;110;diesel;173;1900;6
169;mercedes-benz;c_240;station_wagon;38099;violet;1996;43998;5;170;gasoline;213;2400;6
170;vw;golf;station_wagon;20599;dark_green;1995;34058;5;90;gasoline;183;1800;9
171;mercedes-benz;e_430;sedan;92399;violet;1997;7579;4;278;gasoline;252;4300;8
172;vw;golf;station_wagon;14899;orange;1996;62049;5;60;gasoline;183;1800;9
173;vw;passat;sedan;24599;red;1995;64113;4;110;diesel;183;1900;5
174;audi;a6_1.9_tdi;sedan;36899;dark_green;1995;45540;4;110;diesel;173;1900;7
175;mercedes-benz;c_180;sedan;29299;dark_blue;1996;51534;4;122;gasoline;183;1800;1
176;bmw;328i;coupe;19999;light_gray;1995;127850;2;193;gasoline;213;2800;5
177;bmw;325tds;sedan;17499;turquoise;1995;130639;4;142;diesel;203;2500;8
178;vw;golf;station_wagon;28899;blue;1996;22951;5;115;gasoline;183;1800;9
179;bmw;316i;station_wagon;26399;orange;1996;50043;5;102;gasoline;183;1600;8
180;bmw;z3_2.8;roadster;27099;turquoise;1995;97396;2;191;gasoline;213;2800;2
181;audi;a4_1.8_t;sedan;35999;black;1995;34679;4;150;gasoline;183;1800;4
182;vw;golf;station_wagon;14699;red;1995;72794;5;64;diesel;183;1800;1
183;bmw;320i;station_wagon;46699;dark_red;1997;3233;5;150;gasoline;241;3200;4
184;mercedes-benz;c_240;station_wagon;35699;turquoise;1996;51735;5;170;gasoline;213;2400;9
185;bmw;520i;sedan;36699;dark_blue;1995;52910;4;150;gasoline;183;2000;2
186;bmw;323i;fastback;22299;orange;1994;103836;2;170;gasoline;197;2300;0
187;bmw;328i;station_wagon;34999;white;1995;60484;5;193;gasoline;213;2800;5
188;vw;golf;station_wagon;12099;orange;1995;87273;5;60;gasoline;183;1800;8
189;vw;golf;station_wagon;25999;dark_gray;1997;2922;5;64;diesel;183;1800;5
190;audi;a4_1.6;sedan;35799;blue;1996;10865;4;101;gasoline;183;1600;5
191;bmw;523i;station_wagon;47999;dark_green;1996;28663;5;170;gasoline;197;2300;8
192;bmw;523i;sedan;35099;black;1996;66469;4;170;gasoline;197;2300;2
193;mercedes-benz;e_220_diesel;station_wagon;39899;dark_red;1996;38566;5;95;diesel;187;2200;4
194;bmw;z3_1.9;roadster;39599;dark_red;1996;27984;2;140;gasoline;183;1900;3
195;mercedes-benz;c_200;sedan;44299;red;1996;9388;4;136;gasoline;183;2000;5
196;bmw;318i;coupe;30699;gray;1995;22901;2;115;gasoline;183;1800;4
197;audi;a4_1.8;sedan;12999;blue;1995;145863;4;125;gasoline;183;1800;5
198;audi;a4_2.8;sedan;29599;red;1996;76575;4;193;gasoline;213;2800;3
199;vw;passat;station_wagon;28599;turquoise;1996;46016;5;110;diesel;183;1900;3
200;vw;passat;sedan;37899;light_gray;1997;12417;4;110;diesel;183;1900;6
201;mercedes-benz;e_320;sedan;26799;anthracite;1994;131055;4;224;gasoline;241;3200;8
202;bmw;323i;coupe;40499;dark_green;1997;32205;2;170;gasoline;197;2300;3
203;vw;golf;station_wagon;25899;dark_gray;1996;13670;5;90;gasoline;183;1800;4
204;vw;golf;convertible;23899;orange;1996;23411;2;100;gasoline;183;1800;2
205;mercedes-benz;c_230_kompressor;station_wagon;30099;orange;1995;76802;5;192;gasoline;197;2300;2
206;bmw;318i;sedan;44199;black;1997;1621;4;115;gasoline;183;1800;2
207;vw;golf;station_wagon;24999;dark_red;1995;37621;5;115;gasoline;183;1800;8
208;bmw;z3_2.8;roadster;49699;orange;1996;9904;2;191;gasoline;213;2800;4
209;mercedes-benz;e_430;station_wagon;31599;dark_green;1995;138142;5;278;gasoline;252;4300;2
210;mercedes-benz;e_200;sedan;33799;dark_blue;1995;62888;4;136;gasoline;183;2000;3
211;audi;a4_1.8_t;sedan;19899;blue;1994;105463;4;150;gasoline;183;1800;2
212;bmw;z3_2.8;roadster;24499;light_gray;1995;109469;2;191;gasoline;213;2800;7
213;audi;a4_1.8_t;sedan;17199;anthracite;1994;123053;4;150;gasoline;183;1800;6
214;vw;golf;convertible;21599;orange;1994;40607;2;115;gasoline;183;1800;7
215;mercedes-benz;e_220_diesel;station_wagon;48099;red;1997;15999;5;95;diesel;187;2200;3
216;mercedes-benz;c_280;station_wagon;40899;dark_red;1995;45996;5;197;gasoline;213;2800;1
217;vw;golf;station_wagon;19899;dark_blue;1996;52929;5;90;diesel;183;1800;8
218;bmw;528i;station_wagon;26799;white;1995;111519;5;193;gasoline;213;2800;6
219;bmw;z3_2.8;roadster;20599;yellow;1995;130101;2;191;gasoline;213;2800;2
220;bmw;325tds;station_wagon;26199;dark_red;1995;82389;5;142;diesel;203;2500;6
221;mercedes-benz;c_220_diesel;sedan;37899;turquoise;1996;23671;4;95;diesel;187;2200;6
222;bmw;z3_2.8;roadster;37999;dark_red;1995;56645;2;191;gasoline;213;2800;1
223;bmw;m3;sedan;73299;dark_green;1997;24711;4;320;gasoline;241;3500;2
224;vw;passat;sedan;27099;dark_green;1995;33028;4;90;diesel;183;1900;3
225;audi;a4_1.8_t;sedan;30899;dark_gray;1994;50277;4;150;gasoline;183;1800;4
226;vw;golf;convertible;8399;yellow;1995;164341;2;110;diesel;183;1800;1
227;vw;golf;fastback;12699;black;1994;81300;2;60;gasoline;183;1800;8
228;bmw;318i;coupe;22799;dark_red;1995;81641;2;115;gasoline;183;1800;8
229;vw;golf;convertible;19699;dark_red;1996;42029;2;75;gasoline;183;1800;7
230;mercedes-benz;e_430;sedan;19799;dark_green;1994;194601;4;278;gasoline;252;4300;6
231;audi;a4_1.9_tdi;station_wagon;23499;dark_red;1995;75143;5;90;diesel;173;1900;7
232;mercedes-benz;e_200;sedan;52799;red;1997;9074;4;136;gasoline;183;2000;8
233;bmw;325td;station_wagon;24699;turquoise;1995;84426;5;115;diesel;203;2500;7
234;bmw;318i;sedan;20299;yellow;1994;95743;4;115;gasoline;183;1800;2
235;bmw;328i;coupe;28999;orange;1994;82996;2;193;gasoline;213;2800;2
236;bmw;540i;sedan;76899;black;1996;16308;4;285;gasoline;252;4000;5
237;mercedes-benz;c_200;station_wagon;41799;green;1996;21518;5;136;gasoline;183;2000;4
238;vw;golf;station_wagon;21199;turquoise;1996;16113;5;64;diesel;183;1800;0
239;mercedes-benz;e_220_diesel;station_wagon;25999;violet;1996;90060;5;95;diesel;187;2200;1
240;audi;a4_1.8;sedan;28699;violet;1996;51464;4;125;gasoline;183;1800;3
241;audi;a6_2.8;sedan;26099;gray;1995;109377;4;193;gasoline;213;2800;7
242;bmw;m_roadster;roadster;64599;dark_green;1996;41178;2;320;gasoline;241;3200;2
243;vw;golf;fastback;22299;white;1995;40559;2;110;diesel;183;1800;1
244;bmw;m3;sedan;51499;gray;1995;67059;4;320;gasoline;241;3500;8
245;bmw;535i;sedan;79999;violet;1997;1752;4;235;gasoline;183;3500;1
246;audi;a4_1.9_tdi;sedan;31699;green;1994;45204;4;110;diesel;173;1900;6
247;mercedes-benz;e_220_diesel;sedan;19299;gray;1995;125775;4;95;diesel;187;2200;4
248;vw;passat;sedan;11599;light_gray;1995;148905;4;90;diesel;183;1900;9
249;mercedes-benz;e_200;station_wagon;31799;dark_gray;1995;70054;5;136;gasoline;183;2000;0
250;bmw;520i;station_wagon;17399;dark_blue;1995;142652;5;150;gasoline;183;2000;4
251;bmw;325tds;station_wagon;31399;orange;1996;60669;5;142;diesel;203;2500;1
252;vw;passat;station_wagon;41099;black;1997;5285;5;150;gasoline;183;1900;2
253;bmw;316i;station_wagon;22999;turquoise;1995;66172;5;102;gasoline;183;1600;8
254;mercedes-benz;c_200;sedan;38299;red;1995;21881;4;136;gasoline;183;2000;6
255;vw;passat;station_wagon;29799;light_gray;1995;39336;5;150;gasoline;183;1900;9
256;vw;golf;station_wagon;16899;turquoise;1995;60470;5;75;gasoline;183;1800;2
257;bmw;523i;sedan;40199;red;1994;25693;4;170;gasoline;197;2300;5
258;mercedes-benz;slk_230_kompressor;roadster;37399;yellow;1995;60503;2;192;gasoline;197;2300;1
259;mercedes-benz;c_230_kompressor;sedan;36899;dark_red;1996;52329;4;192;gasoline;197;2300;4
260;bmw;323i;coupe;44399;orange;1996;14314;2;170;gasoline;197;2300;1
261;bmw;320i;sedan;35499;light_gray;1996;41079;4;150;gasoline;241;3200;4
262;vw;golf;station_wagon;15599;green;1994;82294;5;90;diesel;183;1800;2
263;vw;passat;sedan;10999;yellow;1994;142443;4;100;gasoline;183;1900;6
264;bmw;320i;coupe;16399;red;1995;133514;2;150;gasoline;241;3200;6
265;bmw;328i;sedan;36499;turquoise;1995;55671;4;193;gasoline;213;2800;1
266;bmw;325td;sedan;16499;light_gray;1994;132948;4;115;diesel;203;2500;8
267;mercedes-benz;e_300_diesel;sedan;22699;dark_green;1995;131553;4;176;diesel;224;3000;9
268;bmw;318i;convertible;17899;dark_red;1995;110616;2;115;gasoline;183;1800;2
269;bmw;320i;sedan;41799;black;1996;21365;4;150;gasoline;241;3200;0
270;audi;a6_2.4;sedan;30699;yellow;1995;76497;4;165;gasoline;213;2400;1
271;vw;golf;fastback;9599;orange;1995;154785;2;115;gasoline;183;1800;6
272;bmw;z3_1.9;roadster;47599;dark_gray;1997;2778;2;140;gasoline;183;1900;3
273;bmw;325tds;sedan;30499;dark_green;1994;63955;4;142;diesel;203;2500;6
274;mercedes-benz;e_200;sedan;23799;dark_blue;1994;104582;4;136;gasoline;183;2000;1
275;mercedes-benz;c_200;station_wagon;30399;dark_red;1996;59513;5;136;gasoline;183;2000;1
276;vw;passat;sedan;33399;dark_green;1997;27554;4;110;diesel;183;1900;1
277;bmw;535i;sedan;57399;black;1996;42808;4;235;gasoline;183;3500;3
278;vw;golf;fastback;19599;violet;1995;46103;2;90;gasoline;183;1800;8
279;audi;a4_1.9_tdi;sedan;38899;violet;1996;17093;4;110;diesel;173;1900;3
280;vw;passat;station_wagon;27099;white;1994;55331;5;150;gasoline;183;1900;2
281;bmw;540i;sedan;71999;light_gray;1997;33211;4;285;gasoline;252;4000;0
282;mercedes-benz;c_250_diesel;station_wagon;22699;silver;1995;106275;5;150;diesel;203;2500;7
283;bmw;328i;convertible;51699;red;1997;13744;2;193;gasoline;213;2800;5
284;vw;golf;station_wagon;16999;dark_green;1996;86523;5;115;gasoline;183;1800;1
285;bmw;316i;coupe;27699;yellow;1996;44271;2;102;gasoline;183;1600;1
286;mercedes-benz;e_220_diesel;station_wagon;41299;dark_green;1995;31210;5;95;diesel;187;2200;6
287;mercedes-benz;e_280;sedan;32199;blue;1995;89865;4;204;gasoline;213;2800;2
288;bmw;316i;sedan;28599;green;1996;40306;4;102;gasoline;183;1600;4
289;vw;golf;fastback;20099;yellow;1995;43911;2;100;gasoline;183;1800;5
290;bmw;m_roadster;roadster;30599;anthracite;1995;130757;2;320;gasoline;241;3200;8
291;mercedes-benz;e_320;sedan;29599;dark_green;1995;119335;4;224;gasoline;241;3200;7
292;vw;golf;convertible;14699;dark_red;1995;81226;2;90;gasoline;183;1800;1
293;vw;golf;fastback;26399;orange;1995;24606;2;115;gasoline;183;1800;9
294;vw;golf;station_wagon;24299;dark_green;1996;27628;5;90;diesel;183;1800;7
295;mercedes-benz;e_200;station_wagon;28899;dark_gray;1996;81587;5;136;gasoline;183;2000;5
296;audi;a4_2.8;station_wagon;47299;red;1996;10606;5;193;gasoline;213;2800;8
297;mercedes-benz;c_180;sedan;29999;gray;1995;48018;4;122;gasoline;183;1800;4
298;bmw;325td;sedan;33999;blue;1996;46225;4;115;diesel;203;2500;4
299;vw;golf;convertible;24099;blue;1996;22010;2;100;gasoline;183;1800;5
300;vw;golf;convertible;17599;gray;1995;75103;2;110;diesel;183;1800;3
301;bmw;320i;coupe;11799;yellow;1995;173374;2;150;gasoline;241;3200;9
302;mercedes-benz;e_220_diesel;station_wagon;51499;dark_blue;1997;7817;5;95;diesel;187;2200;1
303;vw;golf;convertible;9299;dark_gray;1994;151709;2;110;diesel;183;1800;6
304;bmw;320i;coupe;11399;red;1995;177642;2;150;gasoline;241;3200;6
305;vw;golf;station_wagon;23599;red;1997;15964;5;64;diesel;183;1800;0
306;vw;golf;station_wagon;18399;silver;1996;54444;5;100;gasoline;183;1800;5
307;vw;golf;fastback;37899;orange;1997;15261;2;174;gasoline;183;1800;7
308;vw;golf;fastback;42399;yellow;1996;6064;2;190;gasoline;183;1800;0
309;audi;a4_2.8;station_wagon;42599;green;1996;32812;5;193;gasoline;213;2800;7
310;mercedes-benz;c_220_diesel;station_wagon;25099;black;1995;75092;5;95;diesel;187;2200;3
311;mercedes-benz;c_200;station_wagon;9399;dark_red;1994;200089;5;136;gasoline;183;2000;6
312;vw;golf;station_wagon;18099;orange;1996;38704;5;60;gasoline;183;1800;9
313;vw;golf;station_wagon;18799;black;1996;51786;5;90;gasoline;183;1800;4
314;mercedes-benz;slk_200;roadster;25399;dark_gray;1996;92871;2;136;gasoline;183;2000;8
315;mercedes-benz;e_430;station_wagon;79899;turquoise;1996;26924;5;278;gasoline;252;4300;3
316;mercedes-benz;c_200;sedan;19499;green;1995;112783;4;136;gasoline;183;2000;6
317;audi;a4_1.8_t;station_wagon;27099;violet;1994;68480;5;150;gasoline;183;1800;5
318;mercedes-benz;c_240;sedan;39199;red;1996;40528;4;170;gasoline;213;2400;1
319;bmw;316i;station_wagon;14399;black;1995;123005;5;102;gasoline;183;1600;1
320;vw;passat;station_wagon;14599;silver;1994;129624;5;150;gasoline;183;1900;5
321;bmw;328i;sedan;45899;violet;1996;28204;4;193;gasoline;213;2800;1
322;vw;golf;convertible;23099;red;1995;34679;2;90;diesel;183;1800;8
323;mercedes-benz;c_280;sedan;42699;dark_red;1995;24974;4;197;gasoline;213;2800;0
324;bmw;318i;fastback;23099;yellow;1995;80039;2;115;gasoline;183;1800;5
325;vw;golf;station_wagon;4899;dark_blue;1994;204088;5;64;diesel;183;1800;5
326;mercedes-benz;c_240;sedan;17099;dark_red;1994;140308;4;170;gasoline;213;2400;2
327;bmw;320i;convertible;43299;black;1997;17334;2;150;gasoline;241;3200;4
328;vw;passat;station_wagon;21699;yellow;1995;82024;5;150;gasoline;183;1900;0
329;bmw;z3_2.8;roadster;18399;violet;1995;143797;2;191;gasoline;213;2800;3
330;bmw;320i;sedan;32099;orange;1996;53225;4;150;gasoline;241;3200;8
331;mercedes-benz;c_280;sedan;50199;yellow;1997;21429;4;197;gasoline;213;2800;6
332;bmw;z3_1.9;roadster;25399;dark_blue;1994;81371;2;140;gasoline;183;1900;8
333;vw;golf;fastback;44999;dark_green;1997;3785;2;190;gasoline;183;1800;5
334;mercedes-benz;c_250_diesel;sedan;13099;orange;1995;172056;4;150;diesel;203;2500;1
335;vw;passat;sedan;30299;gray;1995;15939;4;150;gasoline;183;1900;4
336;mercedes-benz;e_220_diesel;station_wagon;35599;green;1996;52313;5;95;diesel;187;2200;2
337;vw;golf;convertible;10199;dark_blue;1995;125357;2;100;gasoline;183;1800;2
338;audi;a4_2.8;station_wagon;31399;light_gray;1996;69380;5;193;gasoline;213;2800;7
339;vw;golf;station_wagon;15699;dark_green;1995;131503;5;190;gasoline;183;1800;7
340;bmw;520i;sedan;17199;violet;1994;143750;4;150;gasoline;183;2000;2
341;bmw;328i;sedan;56299;dark_green;1997;3606;4;193;gasoline;213;2800;3
342;bmw;m3;sedan;39699;dark_red;1994;98276;4;320;gasoline;241;3500;5
343;bmw;523i;station_wagon;57599;dark_red;1997;6895;5;170;gasoline;197;2300;4
344;mercedes-benz;c_220_diesel;station_wagon;41499;blue;1997;14897;5;95;diesel;187;2200;5
345;vw;golf;fastback;22999;yellow;1995;85892;2;190;gasoline;183;1800;3
346;mercedes-benz;e_320;sedan;57099;light_gray;1995;30547;4;224;gasoline;241;3200;5
347;vw;golf;station_wagon;22799;red;1996;51339;5;115;gasoline;183;1800;6
348;vw;golf;fastback;16199;gray;1995;70014;2;100;gasoline;183;1800;3
349;bmw;523i;station_wagon;30799;dark_red;1996;82181;5;170;gasoline;197;2300;5
350;mercedes-benz;c_220_diesel;sedan;38499;dark_gray;1996;20454;4;95;diesel;187;2200;8
351;mercedes-benz;e_220_diesel;sedan;35699;dark_green;1994;48945;4;95;diesel;187;2200;6
352;mercedes-benz;c_200;station_wagon;23899;silver;1994;88569;5;136;gasoline;183;2000;5
353;bmw;328i;sedan;30399;dark_gray;1995;77349;4;193;gasoline;213;2800;6
354;audi;a4_1.8_t;sedan;28799;dark_red;1994;61417;4;150;gasoline;183;1800;5
355;audi;a4_1.9_tdi;sedan;35199;green;1996;26881;4;90;diesel;173;1900;5
356;bmw;540i;station_wagon;84299;orange;1996;7134;5;285;gasoline;252;4000;5
357;audi;a4_1.8;station_wagon;10399;orange;1995;172736;5;125;gasoline;183;1800;4
358;bmw;m3;station_wagon;41099;turquoise;1994;93995;5;320;gasoline;241;3500;8
359;mercedes-benz;e_200;station_wagon;22099;silver;1995;113458;5;136;gasoline;183;2000;4
360;mercedes-benz;e_280;station_wagon;63799;blue;1997;7608;5;204;gasoline;213;2800;3
361;vw;passat;station_wagon;24999;silver;1995;53556;5;125;gasoline;183;1900;1
362;vw;golf;convertible;20199;dark_red;1995;29447;2;100;gasoline;183;1800;5
363;bmw;320i;coupe;17999;yellow;1995;122794;2;150;gasoline;241;3200;5
364;audi;a4_1.8_t;sedan;22199;blue;1995;92583;4;150;gasoline;183;1800;7
365;bmw;325tds;station_wagon;45999;dark_green;1996;6413;5;142;diesel;203;2500;4
366;audi;a6_2.4;sedan;26499;violet;1996;94148;4;165;gasoline;213;2400;4
367;audi;a4_1.6;sedan;15299;white;1994;115117;4;101;gasoline;183;1600;4
368;vw;golf;fastback;24099;dark_gray;1996;10242;2;64;diesel;183;1800;4
369;vw;golf;station_wagon;30899;red;1997;7801;5;110;diesel;183;1800;2
370;bmw;323i;coupe;31799;dark_red;1996;61419;2;170;gasoline;197;2300;4
371;bmw;520i;sedan;53599;violet;1997;7358;4;150;gasoline;183;2000;8
372;bmw;325td;station_wagon;32899;red;1995;50313;5;115;diesel;203;2500;9
373;vw;golf;station_wagon;12899;blue;1995;155268;5;190;gasoline;183;1800;8
374;bmw;320i;sedan;27799;green;1996;70455;4;150;gasoline;241;3200;4
375;bmw;323i;coupe;38499;dark_green;1996;38372;2;170;gasoline;197;2300;1
376;bmw;320i;coupe;28599;green;1994;66828;2;150;gasoline;241;3200;2
377;bmw;520i;sedan;25199;silver;1994;98181;4;150;gasoline;183;2000;4
378;vw;golf;station_wagon;12199;dark_green;1994;161702;5;190;gasoline;183;1800;3
379;bmw;320i;sedan;37499;white;1995;34459;4;150;gasoline;241;3200;2
380;audi;a4_2.8;sedan;51599;anthracite;1997;6374;4;193;gasoline;213;2800;3
381;bmw;m_roadster;roadster;44599;orange;1995;85680;2;320;gasoline;241;3200;7
382;vw;golf;station_wagon;17199;gray;1996;62681;5;90;gasoline;183;1800;5
383;vw;golf;fastback;7599;black;1995;142852;2;60;gasoline;183;1800;0
384;vw;golf;station_wagon;30099;dark_green;1997;10871;5;110;diesel;183;1800;4
385;mercedes-benz;c_220_diesel;sedan;26899;dark_blue;1995;66849;4;95;diesel;187;2200;5
386;mercedes-benz;e_430;sedan;21699;dark_red;1994;183582;4;278;gasoline;252;4300;5
387;vw;golf;convertible;29699;red;1997;19616;2;115;gasoline;183;1800;6
388;mercedes-benz;c_180;sedan;21399;dark_red;1994;89153;4;122;gasoline;183;1800;8
389;bmw;523i;sedan;41499;black;1995;39054;4;170;gasoline;197;2300;8
390;mercedes-benz;c_230_kompressor;station_wagon;12599;dark_green;1994;181189;5;192;gasoline;197;2300;1
391;bmw;528i;station_wagon;46899;dark_gray;1995;17861;5;193;gasoline;213;2800;3
392;vw;golf;station_wagon;18599;violet;1995;61536;5;90;diesel;183;1800;0
393;mercedes-benz;e_320;sedan;22199;dark_gray;1995;153682;4;224;gasoline;241;3200;7
394;mercedes-benz;e_430;sedan;60499;blue;1996;60240;4;278;gasoline;252;4300;4
395;audi;a4_2.8;sedan;38999;dark_red;1995;31110;4;193;gasoline;213;2800;7
396;bmw;328i;coupe;36399;red;1995;56065;2;193;gasoline;213;2800;8
397;bmw;318i;coupe;31799;white;1995;41832;2;115;gasoline;183;1800;1
398;vw;golf;station_wagon;11699;red;1995;109179;5;100;gasoline;183;1800;3
399;vw;golf;convertible;13999;red;1996;94993;2;90;diesel;183;1800;7
400;vw;golf;convertible;19899;green;1996;67472;2;115;gasoline;183;1800;4
401;mercedes-benz;e_320;station_wagon;37499;yellow;1995;91030;5;224;gasoline;241;3200;8
402;audi;a4_1.9_tdi;sedan;30699;green;1995;43178;4;90;diesel;173;1900;8
403;bmw;525tds;station_wagon;48299;black;1996;25811;5;142;diesel;203;2500;0
404;audi;a6_1.9_tdi;sedan;14199;dark_gray;1995;160077;4;110;diesel;173;1900;8
405;mercedes-benz;c_220_diesel;sedan;8299;dark_green;1994;208100;4;95;diesel;187;2200;7
406;bmw;528i;station_wagon;22799;yellow;1994;131037;5;193;gasoline;213;2800;0
407;audi;a4_1.8;station_wagon;34299;white;1996;29870;5;125;gasoline;183;1800;3
408;audi;a4_1.9_tdi;sedan;12499;turquoise;1995;151452;4;90;diesel;173;1900;8
409;bmw;523i;sedan;48999;silver;1997;26259;4;170;gasoline;197;2300;8
410;bmw;316i;station_wagon;25999;red;1996;51888;5;102;gasoline;183;1600;3
411;audi;a4_1.6;station_wagon;30399;dark_green;1996;32867;5;101;gasoline;183;1600;7
412;bmw;323i;sedan;42699;dark_red;1996;25996;4;170;gasoline;197;2300;6
413;bmw;m3;station_wagon;74299;dark_red;1996;23053;5;320;gasoline;241;3500;0
414;mercedes-benz;c_180;sedan;8799;silver;1994;195623;4;122;gasoline;183;1800;6
415;bmw;m3;coupe;66299;yellow;1995;30574;2;320;gasoline;241;3500;7
416;audi;a6_1.8_t;sedan;28099;dark_green;1995;80559;4;150;gasoline;183;1800;2
417;vw;golf;station_wagon;7299;light_gray;1995;147042;5;60;gasoline;183;1800;6
418;vw;golf;station_wagon;18499;violet;1995;54076;5;100;gasoline;183;1800;1
419;bmw;316i;fastback;20699;yellow;1995;79144;2;102;gasoline;183;1600;2
420;bmw;316i;sedan;23399;green;1996;64344;4;102;gasoline;183;1600;5
421;bmw;535i;station_wagon;49399;silver;1996;60825;5;235;gasoline;183;3500;5
422;bmw;m_roadster;roadster;72899;red;1996;16492;2;320;gasoline;241;3200;5
423;vw;passat;sedan;20899;red;1995;83868;4;110;diesel;183;1900;0
424;mercedes-benz;c_230_kompressor;sedan;45899;black;1996;18726;4;192;gasoline;197;2300;4
425;mercedes-benz;e_220_diesel;sedan;36299;light_gray;1995;44055;4;95;diesel;187;2200;9
426;vw;golf;fastback;22499;yellow;1995;88543;2;190;gasoline;183;1800;0
427;vw;golf;fastback;10599;dark_red;1994;143694;2;115;gasoline;183;1800;2
428;audi;a4_1.9_tdi;station_wagon;22699;dark_blue;1996;79473;5;90;diesel;173;1900;4
429;bmw;525tds;station_wagon;22999;light_gray;1995;115273;5;142;diesel;203;2500;4
430;vw;golf;station_wagon;9299;red;1994;136708;5;90;gasoline;183;1800;3
431;vw;passat;sedan;24699;turquoise;1995;45323;4;100;gasoline;183;1900;3
432;bmw;325td;sedan;30799;orange;1995;57997;4;115;diesel;203;2500;4
433;mercedes-benz;e_430;station_wagon;68499;yellow;1995;45423;5;278;gasoline;252;4300;9
434;bmw;m3;sedan;44199;dark_red;1995;85298;4;320;gasoline;241;3500;0
435;mercedes-benz;slk_200;roadster;18399;violet;1995;131679;2;136;gasoline;183;2000;8
436;mercedes-benz;c_230_kompressor;station_wagon;52299;gray;1997;10270;5;192;gasoline;197;2300;7
437;vw;golf;fastback;10699;turquoise;1995;101704;2;60;gasoline;183;1800;6
438;mercedes-benz;e_320;station_wagon;60199;blue;1995;20267;5;224;gasoline;241;3200;3
439;bmw;525tds;sedan;44099;blue;1996;36929;4;142;diesel;203;2500;8
440;audi;a4_2.8;sedan;47899;orange;1997;18682;4;193;gasoline;213;2800;1
441;audi;a6_2.8;sedan;49899;violet;1995;29897;4;193;gasoline;213;2800;8
442;mercedes-benz;e_430;station_wagon;47999;dark_green;1995;88168;5;278;gasoline;252;4300;1
443;vw;golf;fastback;21699;green;1995;14364;2;75;gasoline;183;1800;8
444;bmw;325td;station_wagon;36699;dark_blue;1995;36982;5;115;diesel;203;2500;4
445;vw;golf;fastback;30199;anthracite;1996;53099;2;190;gasoline;183;1800;1
446;bmw;320i;sedan;15199;silver;1995;143126;4;150;gasoline;241;3200;4
447;vw;golf;fastback;28699;red;1994;59248;2;190;gasoline;183;1800;2
448;bmw;325td;sedan;10899;red;1994;182876;4;115;diesel;203;2500;2
449;bmw;m3;station_wagon;57199;turquoise;1996;54340;5;320;gasoline;241;3500;7
450;vw;golf;convertible;7699;dark_red;1995;167535;2;90;diesel;183;1800;5
451;bmw;323i;sedan;36999;turquoise;1995;43140;4;170;gasoline;197;2300;4
452;vw;golf;station_wagon;32299;dark_green;1997;9494;5;115;gasoline;183;1800;5
453;bmw;323i;sedan;25799;blue;1995;86292;4;170;gasoline;197;2300;5
454;vw;golf;convertible;12399;dark_red;1995;124206;2;115;gasoline;183;1800;3
455;audi;a6_2.8;sedan;26899;black;1994;105674;4;193;gasoline;213;2800;4
456;bmw;m_roadster;roadster;41199;gray;1994;95168;2;320;gasoline;241;3200;8
457;bmw;535i;sedan;47199;anthracite;1996;66219;4;235;gasoline;183;3500;3
458;vw;golf;fastback;21199;blue;1997;19660;2;60;gasoline;183;1800;6
459;mercedes-benz;c_230_kompressor;sedan;50099;turquoise;1996;11515;4;192;gasoline;197;2300;2
460;bmw;320i;convertible;16299;yellow;1994;134275;2;150;gasoline;241;3200;6
461;bmw;320i;convertible;18899;violet;1995;116468;2;150;gasoline;241;3200;2
462;audi;a6_1.8_t;sedan;52599;green;1997;5285;4;150;gasoline;183;1800;4
463;vw;golf;fastback;11199;violet;1995;137010;2;115;gasoline;183;1800;4
464;audi;a4_1.6;station_wagon;10399;dark_green;1994;161199;5;101;gasoline;183;1600;0
465;vw;golf;fastback;7699;dark_blue;1995;154346;2;64;diesel;183;1800;8
466;mercedes-benz;e_300_diesel;station_wagon;20199;light_gray;1995;145447;5;176;diesel;224;3000;1
467;vw;passat;sedan;16699;dark_blue;1995;91911;4;100;gasoline;183;1900;8
468;bmw;318i;convertible;42699;blue;1997;6191;2;115;gasoline;183;1800;2
469;mercedes-benz;c_220_diesel;station_wagon;38299;light_gray;1997;24483;5;95;diesel;187;2200;2
470;audi;a4_1.8;station_wagon;21199;green;1996;87847;5;125;gasoline;183;1800;8
471;mercedes-benz;c_180;sedan;20299;orange;1995;95708;4;122;gasoline;183;1800;5
472;vw;golf;convertible;26999;black;1997;7107;2;90;gasoline;183;1800;8
473;vw;golf;convertible;20099;green;1995;21261;2;90;gasoline;183;1800;8
474;bmw;520i;sedan;23199;dark_green;1994;107844;4;150;gasoline;183;2000;5
475;vw;golf;station_wagon;7199;orange;1994;149585;5;60;gasoline;183;1800;4
476;audi;a6_1.8_t;sedan;51899;dark_gray;1997;6892;4;150;gasoline;183;1800;7
477;bmw;535i;sedan;49199;blue;1995;61302;4;235;gasoline;183;3500;6
478;vw;passat;sedan;29799;violet;1995;66889;4;193;gasoline;183;1900;5
479;bmw;540i;station_wagon;68499;light_gray;1995;23475;5;285;gasoline;252;4000;8
480;audi;a4_1.8_t;station_wagon;34299;light_gray;1996;40485;5;150;gasoline;183;1800;7
481;bmw;325tds;sedan;34699;green;1995;48398;4;142;diesel;203;2500;3
482;bmw;m3;sedan;40099;violet;1995;97161;4;320;gasoline;241;3500;8
483;vw;golf;station_wagon;15799;light_gray;1996;73099;5;100;gasoline;183;1800;6
484;vw;golf;fastback;23199;black;1996;22687;2;75;gasoline;183;1800;5
485;vw;golf;fastback;15399;yellow;1995;72000;2;64;diesel;183;1800;5
486;mercedes-benz;c_280;station_wagon;19199;yellow;1995;136768;5;197;gasoline;213;2800;7
487;vw;passat;sedan;18399;dark_gray;1995;124436;4;193;gasoline;183;1900;1
488;vw;golf;convertible;13699;green;1996;105704;2;110;diesel;183;1800;1
489;mercedes-benz;e_290_diesel;station_wagon;27899;anthracite;1995;93775;5;130;diesel;224;2900;0
490;vw;golf;station_wagon;14199;orange;1994;101413;5;110;diesel;183;1800;3
491;vw;golf;fastback;15499;orange;1995;122661;2;174;gasoline;183;1800;7
492;audi;a4_1.8_t;sedan;35999;anthracite;1996;34608;4;150;gasoline;183;1800;4
493;vw;golf;station_wagon;31699;orange;1996;47158;5;190;gasoline;183;1800;2
494;bmw;325td;sedan;24699;green;1995;84687;4;115;diesel;203;2500;3
495;bmw;323i;fastback;47499;turquoise;1996;7964;2;170;gasoline;197;2300;5
496;bmw;323i;sedan;43499;yellow;1996;20146;4;170;gasoline;197;2300;9
497;bmw;523i;station_wagon;37799;orange;1994;50309;5;170;gasoline;197;2300;2
498;bmw;z3_1.9;roadster;19599;violet;1995;112281;2;140;gasoline;183;1900;1
499;bmw;320i;convertible;44399;gray;1996;14135;2;150;gasoline;241;3200;1
500;audi;a4_1.8_t;sedan;29799;dark_gray;1995;57191;4;150;gasoline;183;1800;6
501;bmw;m_roadster;roadster;72199;anthracite;1996;27852;2;320;gasoline;241;3200;7
502;bmw;323i;sedan;47699;dark_green;1996;5195;4;170;gasoline;197;2300;5
503;bmw;323i;station_wagon;24099;black;1995;94789;5;170;gasoline;197;2300;5
504;mercedes-benz;e_430;sedan;72899;gray;1995;15920;4;278;gasoline;252;4300;3
505;vw;passat;sedan;28899;dark_green;1996;44921;4;110;diesel;183;1900;8
506;vw;golf;station_wagon;13599;orange;1994;91079;5;90;gasoline;183;1800;5
507;vw;golf;fastback;23299;dark_blue;1997;8381;2;60;gasoline;183;1800;5
508;mercedes-benz;e_320;sedan;51599;gray;1994;52629;4;224;gasoline;241;3200;2
509;bmw;540i;sedan;28199;yellow;1995;145955;4;285;gasoline;252;4000;7
510;vw;passat;sedan;15699;light_gray;1995;109057;4;125;gasoline;183;1900;6
511;vw;golf;station_wagon;23799;yellow;1997;19436;5;64;diesel;183;1800;7
512;bmw;320i;station_wagon;45299;green;1997;11878;5;150;gasoline;241;3200;6
513;mercedes-benz;e_290_diesel;sedan;43099;dark_blue;1995;22859;4;130;diesel;224;2900;3
514;audi;a4_1.8;sedan;36199;turquoise;1996;15807;4;125;gasoline;183;1800;7
515;vw;golf;convertible;26299;dark_green;1997;5462;2;75;gasoline;183;1800;7
516;audi;a6_2.4;sedan;50399;green;1997;16939;4;165;gasoline;213;2400;6
517;audi;a4_1.8_t;sedan;24999;light_gray;1995;78289;4;150;gasoline;183;1800;8
518;bmw;540i;station_wagon;37099;yellow;1995;112816;5;285;gasoline;252;4000;7
519;bmw;318i;sedan;41399;dark_green;1997;10056;4;115;gasoline;183;1800;8
520;bmw;325td;sedan;14099;dark_green;1995;151534;4;115;diesel;203;2500;6
521;mercedes-benz;e_280;station_wagon;33999;dark_blue;1995;83102;5;204;gasoline;213;2800;7
522;bmw;523i;sedan;57299;green;1997;7456;4;170;gasoline;197;2300;7
523;vw;passat;sedan;14699;gray;1995;126116;4;110;diesel;183;1900;1
524;audi;a4_1.8;station_wagon;41999;turquoise;1997;5362;5;125;gasoline;183;1800;1
525;vw;golf;station_wagon;13799;blue;1996;80232;5;64;diesel;183;1800;6
526;vw;golf;fastback;14799;dark_gray;1994;80645;2;90;gasoline;183;1800;9
527;vw;passat;sedan;16799;orange;1995;104376;4;90;diesel;183;1900;8
528;bmw;535i;sedan;69799;dark_blue;1997;19406;4;235;gasoline;183;3500;2
529;mercedes-benz;c_250_diesel;sedan;37399;black;1996;46141;4;150;diesel;203;2500;1
530;vw;passat;sedan;28299;yellow;1995;23213;4;90;diesel;183;1900;7
531;mercedes-benz;e_200;station_wagon;10199;dark_red;1994;206612;5;136;gasoline;183;2000;4
532;vw;passat;sedan;33199;dark_blue;1996;13701;4;90;diesel;183;1900;3
533;bmw;520i;sedan;54199;dark_gray;1997;4452;4;150;gasoline;183;2000;9
534;mercedes-benz;c_200;station_wagon;22499;turquoise;1995;95703;5;136;gasoline;183;2000;4
535;vw;golf;fastback;28699;turquoise;1997;9436;2;90;diesel;183;1800;1
536;vw;golf;station_wagon;28499;dark_gray;1997;24731;5;115;gasoline;183;1800;4
537;vw;golf;station_wagon;6599;turquoise;1994;159909;5;60;gasoline;183;1800;1
538;bmw;523i;sedan;38599;black;1994;35784;4;170;gasoline;197;2300;6
539;mercedes-benz;e_290_diesel;sedan;58899;gray;1997;2716;4;130;diesel;224;2900;7
540;vw;golf;fastback;22999;turquoise;1997;27907;2;100;gasoline;183;1800;5
541;bmw;540i;sedan;78899;violet;1996;9180;4;285;gasoline;252;4000;7
542;bmw;318i;coupe;39199;yellow;1996;16492;2;115;gasoline;183;1800;9
543;vw;golf;fastback;16899;gray;1995;60626;2;64;diesel;183;1800;9
544;bmw;z3_1.8;roadster;33899;silver;1996;33926;2;115;gasoline;183;1800;2
545;audi;a4_1.9_tdi;station_wagon;10299;violet;1994;174605;5;90;diesel;173;1900;3
546;bmw;323i;sedan;43599;red;1996;23523;4;170;gasoline;197;2300;6
547;mercedes-benz;c_200;sedan;35699;blue;1996;40261;4;136;gasoline;183;2000;1
548;vw;golf;fastback;30999;silver;1997;7366;2;110;diesel;183;1800;6
549;mercedes-benz;e_220_diesel;sedan;47099;black;1997;18684;4;95;diesel;187;2200;9
550;mercedes-benz;c_280;station_wagon;14999;dark_blue;1994;166045;5;197;gasoline;213;2800;3
551;bmw;520i;station_wagon;39299;green;1995;41704;5;150;gasoline;183;2000;5
552;mercedes-benz;e_430;sedan;50599;blue;1995;81832;4;278;gasoline;252;4300;4
553;bmw;323i;fastback;29699;yellow;1995;69391;2;170;gasoline;197;2300;6
554;bmw;316i;station_wagon;20999;gray;1996;77181;5;102;gasoline;183;1600;9
555;bmw;523i;station_wagon;46299;gray;1996;32968;5;170;gasoline;197;2300;3
556;audi;a4_1.8_t;sedan;31199;black;1995;51795;4;150;gasoline;183;1800;3
557;bmw;320i;coupe;31299;green;1995;56386;2;150;gasoline;241;3200;3
558;bmw;328i;convertible;35899;turquoise;1996;57694;2;193;gasoline;213;2800;8
559;mercedes-benz;c_220_diesel;sedan;43799;gray;1997;3584;4;95;diesel;187;2200;6
560;mercedes-benz;c_180;sedan;39599;silver;1996;15307;4;122;gasoline;183;1800;4
561;audi;a4_1.9_tdi;station_wagon;37599;black;1995;18940;5;110;diesel;173;1900;7
562;audi;a6_2.4;sedan;43399;orange;1996;34869;4;165;gasoline;213;2400;2
563;mercedes-benz;c_250_diesel;station_wagon;22099;light_gray;1995;109659;5;150;diesel;203;2500;5
564;audi;a6_1.8_t;sedan;48099;black;1997;16017;4;150;gasoline;183;1800;3
565;mercedes-benz;c_240;sedan;36999;dark_blue;1995;47707;4;170;gasoline;213;2400;1
566;mercedes-benz;c_240;station_wagon;24299;green;1995;97902;5;170;gasoline;213;2400;4
567;vw;golf;fastback;29099;dark_green;1996;46679;2;174;gasoline;183;1800;5
568;vw;golf;fastback;13999;white;1996;82949;2;64;diesel;183;1800;3
569;vw;golf;fastback;23899;dark_green;1996;23154;2;100;gasoline;183;1800;5
570;vw;golf;convertible;15699;dark_green;1994;69393;2;75;gasoline;183;1800;3
571;mercedes-benz;c_240;sedan;26999;green;1996;85299;4;170;gasoline;213;2400;7
572;vw;golf;sedan;22999;yellow;1996;9784;4;75;gasoline;183;1800;0
573;mercedes-benz;c_180;sedan;24699;orange;1995;72066;2;122;gasoline;183;1800;9
574;audi;a4_1.9_tdi;station_wagon;12799;dark_red;1994;148120;5;90;diesel;173;1900;5
575;audi;a4_1.8_t;station_wagon;45899;silver;1997;2849;5;150;gasoline;183;1800;5
576;bmw;325td;station_wagon;39099;dark_red;1996;29484;5;115;diesel;203;2500;7
577;mercedes-benz;e_320;station_wagon;48799;yellow;1994;50224;5;224;gasoline;241;3200;0
578;bmw;325td;station_wagon;35999;dark_blue;1995;16251;5;115;diesel;203;2500;6
579;audi;a4_1.8;station_wagon;10999;anthracite;1995;166631;5;125;gasoline;183;1800;3
580;bmw;523i;station_wagon;17499;dark_green;1995;150174;5;170;gasoline;197;2300;2
581;audi;a4_2.8;station_wagon;20999;orange;1995;117615;5;193;gasoline;213;2800;2
582;audi;a4_1.9_tdi;station_wagon;37299;dark_green;1997;19700;5;90;diesel;173;1900;8
583;bmw;318i;coupe;34599;dark_green;1995;21797;2;115;gasoline;183;1800;1
584;audi;a6_2.4;sedan;23599;green;1994;107752;4;165;gasoline;213;2400;1
585;bmw;323i;fastback;26999;dark_gray;1995;81111;2;170;gasoline;197;2300;4
586;vw;golf;convertible;23999;turquoise;1996;30614;2;90;diesel;183;1800;7
587;vw;golf;fastback;18299;dark_green;1995;37514;2;60;gasoline;183;1800;5
588;bmw;m3;sedan;48099;turquoise;1995;75187;4;320;gasoline;241;3500;9
589;mercedes-benz;slk_230_kompressor;roadster;22299;dark_gray;1995;122510;2;192;gasoline;197;2300;4
590;bmw;323i;fastback;43099;turquoise;1996;24751;2;170;gasoline;197;2300;3
591;vw;passat;sedan;17999;dark_red;1994;96087;4;90;diesel;183;1900;8
592;bmw;325tds;sedan;49099;red;1997;6947;4;142;diesel;203;2500;9
593;vw;golf;convertible;26599;dark_blue;1997;10196;2;100;gasoline;183;1800;0
594;bmw;528i;station_wagon;44899;blue;1995;27277;5;193;gasoline;213;2800;8
595;audi;a4_1.8_t;sedan;22199;dark_blue;1994;92780;4;150;gasoline;183;1800;5
596;bmw;316i;fastback;30199;white;1996;33602;2;102;gasoline;183;1600;1
597;audi;a4_2.8;station_wagon;54699;dark_red;1997;2849;5;193;gasoline;213;2800;3
598;audi;a4_1.9_tdi;station_wagon;34199;dark_green;1996;43252;5;110;diesel;173;1900;7
599;vw;golf;station_wagon;5799;silver;1994;187960;5;64;diesel;183;1800;7
600;vw;golf;fastback;32599;gray;1997;33239;2;174;gasoline;183;1800;1
601;vw;golf;station_wagon;10499;yellow;1995;122104;5;75;diesel;183;1800;8
602;vw;passat;sedan;26499;blue;1996;80748;4;193;gasoline;183;1900;1
603;vw;golf;fastback;21299;green;1996;32957;2;64;diesel;183;1800;8
604;mercedes-benz;c_280;sedan;12099;anthracite;1994;191649;4;197;gasoline;213;2800;7
605;vw;golf;fastback;17199;green;1996;70600;2;90;diesel;183;1800;5
606;mercedes-benz;slk_230_kompressor;roadster;37699;yellow;1994;46315;2;192;gasoline;197;2300;9
607;bmw;520i;station_wagon;15599;green;1995;155407;5;150;gasoline;183;2000;8
608;mercedes-benz;e_220_diesel;sedan;25999;turquoise;1996;89993;4;95;diesel;187;2200;7
609;vw;golf;station_wagon;11099;blue;1995;123591;5;90;diesel;183;1800;2
610;vw;passat;station_wagon;30799;blue;1996;16347;5;125;gasoline;183;1900;5
611;audi;a4_1.8;sedan;19599;turquoise;1995;97232;4;125;gasoline;183;1800;1
612;bmw;z3_1.8;roadster;20399;black;1995;94844;2;115;gasoline;183;1800;5
613;bmw;320i;sedan;44199;silver;1996;8078;4;150;gasoline;241;2000;6
614;audi;a6_1.8_t;sedan;28399;gray;1996;79428;4;150;gasoline;183;1800;6
615;mercedes-benz;e_290_diesel;sedan;29299;dark_blue;1996;87994;4;130;diesel;224;2900;7
616;mercedes-benz;c_240;sedan;30299;dark_green;1995;71539;4;170;gasoline;213;2400;6
617;mercedes-benz;e_290_diesel;sedan;33799;dark_blue;1995;70763;4;130;diesel;224;2900;4
618;mercedes-benz;c_240;sedan;33099;blue;1995;60907;4;170;gasoline;213;2400;7
619;mercedes-benz;c_200;sedan;18099;blue;1995;121641;4;136;gasoline;183;2000;1
620;bmw;535i;sedan;50799;yellow;1996;57468;4;235;gasoline;183;3500;1
621;bmw;316i;station_wagon;13599;dark_blue;1995;129389;5;102;gasoline;183;1600;4
622;vw;golf;convertible;23699;white;1996;46942;2;115;gasoline;183;1800;5
623;bmw;525tds;sedan;41799;dark_red;1995;24969;4;142;diesel;203;2500;3
624;bmw;525tds;station_wagon;15799;dark_red;1994;159940;5;142;diesel;203;2500;7
625;vw;golf;station_wagon;20499;dark_blue;1994;99817;5;190;gasoline;183;1800;2
626;bmw;325tds;station_wagon;36299;turquoise;1996;43230;5;142;diesel;203;2500;3
627;mercedes-benz;c_250_diesel;station_wagon;40399;blue;1995;37032;5;150;diesel;203;2500;4
628;bmw;525tds;sedan;25399;anthracite;1996;103123;4;142;diesel;203;2500;5
629;vw;passat;sedan;17699;black;1996;104000;4;110;diesel;183;1900;6
630;vw;golf;fastback;11899;dark_red;1995;107126;2;100;gasoline;183;1800;7
631;bmw;525tds;sedan;45299;red;1995;25412;4;142;diesel;203;2500;7
632;audi;a6_1.9_tdi;sedan;16999;red;1995;138740;4;110;diesel;173;1900;4
633;audi;a6_2.8;sedan;53899;dark_blue;1996;22547;4;193;gasoline;213;2800;4
634;bmw;325tds;sedan;32299;dark_gray;1994;32618;4;142;diesel;203;2500;8
635;bmw;328i;coupe;37299;dark_red;1996;53089;2;193;gasoline;213;2800;4
636;mercedes-benz;e_200;sedan;42699;red;1996;34567;4;136;gasoline;183;2000;2
637;bmw;316i;sedan;12599;violet;1995;138445;4;102;gasoline;183;1600;1
638;bmw;z3_2.8;roadster;20299;dark_green;1995;131862;2;191;gasoline;213;2800;5
639;vw;golf;station_wagon;19799;green;1996;46013;5;90;gasoline;183;1800;6
640;vw;passat;sedan;34399;dark_gray;1995;31141;4;193;gasoline;183;1900;3
641;audi;a4_1.8;station_wagon;20999;violet;1995;88987;5;125;gasoline;183;1800;4
642;bmw;523i;station_wagon;15399;violet;1994;165230;5;170;gasoline;197;2300;6
643;vw;golf;station_wagon;25299;dark_red;1996;6976;5;90;gasoline;183;1800;2
644;bmw;316i;coupe;11399;dark_red;1994;150744;2;102;gasoline;183;1600;8
645;vw;golf;fastback;17699;dark_gray;1996;54899;2;75;gasoline;183;1800;0
646;vw;golf;convertible;16799;light_gray;1995;65768;2;90;gasoline;183;1800;2
647;vw;golf;fastback;37899;red;1996;8674;2;174;gasoline;183;1800;4
648;vw;golf;station_wagon;27699;silver;1997;2710;5;100;gasoline;183;1800;3
649;mercedes-benz;c_280;sedan;40599;gray;1995;43057;4;197;gasoline;213;2800;3
650;bmw;325tds;sedan;14399;orange;1995;154298;4;142;diesel;203;2500;0
651;bmw;528i;sedan;12799;black;1994;200396;4;193;gasoline;213;2800;8
652;vw;golf;convertible;9199;yellow;1995;138262;2;100;gasoline;183;1800;2
653;vw;golf;fastback;22999;orange;1997;23670;2;64;diesel;183;1800;6
654;bmw;323i;sedan;29899;white;1995;68616;4;170;gasoline;197;2300;3
655;vw;golf;fastback;10799;black;1995;110386;2;75;gasoline;183;1800;4
656;mercedes-benz;c_230_kompressor;sedan;42199;orange;1996;36003;4;192;gasoline;197;2300;8
657;bmw;m3;convertible;37899;dark_gray;1994;103782;2;320;gasoline;241;3500;8
658;bmw;535i;station_wagon;62299;red;1996;33066;5;235;gasoline;183;3500;4
659;mercedes-benz;c_280;sedan;26399;violet;1995;98318;4;197;gasoline;213;2800;1
660;vw;passat;sedan;26899;silver;1996;44699;4;125;gasoline;183;1900;5
661;bmw;325td;sedan;15599;dark_blue;1994;140070;4;115;diesel;203;2500;8
662;audi;a4_2.8;sedan;12899;silver;1995;175838;4;193;gasoline;213;2800;1
663;vw;golf;fastback;35199;black;1996;24127;2;174;gasoline;183;1800;8
664;bmw;525tds;station_wagon;47799;dark_gray;1996;16218;5;142;diesel;203;2500;5
665;bmw;535i;sedan;58199;gray;1995;19446;4;235;gasoline;183;3500;8
666;vw;golf;fastback;17199;dark_green;1995;110198;2;174;gasoline;183;1800;8
667;mercedes-benz;c_230_kompressor;sedan;46099;dark_red;1996;22232;4;192;gasoline;197;2300;4
668;vw;passat;sedan;24899;dark_red;1995;88262;4;193;gasoline;183;1900;1
669;mercedes-benz;c_280;station_wagon;41099;violet;1995;27124;5;197;gasoline;213;2800;7
670;vw;golf;station_wagon;8899;violet;1995;141680;5;75;diesel;183;1800;7
671;vw;golf;fastback;21899;black;1997;25184;2;64;diesel;183;1800;8
672;bmw;520i;station_wagon;17299;yellow;1995;143305;5;150;gasoline;183;2000;4
673;bmw;z3_1.9;roadster;11999;orange;1995;171540;2;140;gasoline;183;1900;2
674;audi;a4_1.6;sedan;26099;black;1994;20496;4;101;gasoline;183;1600;6
675;audi;a4_1.9_tdi;sedan;32799;dark_red;1995;48015;4;110;diesel;173;1900;5
676;mercedes-benz;c_230_kompressor;sedan;29699;light_gray;1996;78043;4;192;gasoline;197;2300;9
677;bmw;540i;sedan;75199;dark_red;1997;28083;4;285;gasoline;252;4000;6
678;vw;golf;convertible;14299;dark_gray;1995;92835;2;90;diesel;183;1800;9
679;audi;a6_2.4;sedan;16599;dark_red;1995;150408;4;165;gasoline;213;2400;2
680;mercedes-benz;e_300_diesel;sedan;29499;orange;1995;100173;4;176;diesel;224;3000;3
681;bmw;525tds;station_wagon;48599;green;1996;21037;5;142;diesel;203;2500;3
682;mercedes-benz;c_220_diesel;sedan;21299;green;1995;94799;4;95;diesel;187;2200;2
683;vw;golf;station_wagon;15199;turquoise;1994;34694;5;60;gasoline;183;1800;3
684;mercedes-benz;c_240;station_wagon;44199;black;1996;10995;5;170;gasoline;213;2400;0
685;audi;a4_1.8;station_wagon;38499;light_gray;1996;15903;5;125;gasoline;183;1800;3
686;vw;golf;fastback;18099;dark_green;1996;64860;2;90;diesel;183;1800;7
687;bmw;316i;fastback;37199;white;1997;8811;2;102;gasoline;183;1600;9
688;audi;a4_1.9_tdi;station_wagon;9699;green;1994;181335;5;90;diesel;173;1900;4
689;bmw;316i;sedan;25899;turquoise;1994;38618;4;102;gasoline;183;1600;1
690;bmw;323i;sedan;43699;white;1997;23114;4;170;gasoline;197;2300;0
691;mercedes-benz;c_180;sedan;26599;blue;1996;63068;4;122;gasoline;183;1800;5
692;audi;a4_1.8_t;sedan;23599;silver;1995;85303;4;150;gasoline;183;1800;6
693;bmw;316i;coupe;9099;blue;1994;177840;2;102;gasoline;183;1600;4
694;vw;golf;fastback;29599;turquoise;1994;28909;2;190;gasoline;183;1800;0
695;bmw;316i;fastback;36799;yellow;1997;9975;2;102;gasoline;183;1600;1
696;vw;golf;fastback;21699;black;1997;30341;2;64;diesel;183;1800;3
697;bmw;525tds;station_wagon;32799;dark_red;1995;72476;5;142;diesel;203;2500;0
698;vw;golf;fastback;9499;dark_blue;1995;149365;2;110;diesel;183;1800;4
699;vw;passat;station_wagon;38199;orange;1997;14084;5;150;gasoline;183;1900;7
700;bmw;520i;station_wagon;12099;orange;1994;186068;5;150;gasoline;183;2000;1
701;bmw;328i;convertible;31699;dark_red;1996;72435;2;193;gasoline;213;2800;0
702;vw;golf;fastback;13799;violet;1995;89418;2;100;gasoline;183;1800;7
703;audi;a4_1.6;station_wagon;28199;blue;1996;42096;5;101;gasoline;183;1600;7
704;mercedes-benz;c_200;station_wagon;33599;black;1995;47695;5;136;gasoline;183;2000;5
705;bmw;316i;coupe;29199;blue;1996;37739;2;102;gasoline;183;1600;6
706;vw;golf;fastback;12199;light_gray;1995;95618;2;75;gasoline;183;1800;8
707;mercedes-benz;c_200;station_wagon;23399;gray;1995;91061;5;136;gasoline;183;2000;7
708;mercedes-benz;e_430;sedan;69599;red;1995;31277;4;278;gasoline;252;4300;3
709;mercedes-benz;c_280;station_wagon;21699;violet;1994;122045;5;197;gasoline;213;2800;9
710;bmw;m3;coupe;77599;red;1996;17853;2;320;gasoline;241;3500;3
711;bmw;535i;station_wagon;33699;dark_red;1995;106543;5;235;gasoline;183;3500;4
712;bmw;318i;sedan;38399;green;1996;11463;4;115;gasoline;183;1800;5
713;bmw;323i;sedan;51299;turquoise;1997;1763;4;170;gasoline;197;2300;3
714;audi;a4_1.9_tdi;sedan;38699;light_gray;1997;15409;4;90;diesel;173;1900;1
715;vw;passat;sedan;28199;red;1996;29458;4;100;gasoline;183;1900;7
716;bmw;328i;convertible;43399;dark_gray;1996;34746;2;193;gasoline;213;2800;6
717;bmw;528i;sedan;50199;blue;1995;21862;4;193;gasoline;213;2800;8
718;bmw;528i;station_wagon;55699;turquoise;1996;24049;5;193;gasoline;213;2800;1
719;audi;a4_2.8;station_wagon;28399;dark_gray;1995;81458;5;193;gasoline;213;2800;6
720;bmw;323i;coupe;37599;dark_blue;1995;32034;2;170;gasoline;197;2300;3
721;mercedes-benz;e_300_diesel;station_wagon;35599;white;1996;77777;5;176;diesel;224;3000;9
722;vw;golf;fastback;17899;dark_red;1994;25412;2;100;gasoline;183;1800;2
723;mercedes-benz;c_220_diesel;station_wagon;31699;green;1995;47263;5;95;diesel;187;2200;6
724;vw;golf;fastback;34299;red;1996;27123;2;174;gasoline;183;1800;8
725;mercedes-benz;c_280;sedan;24599;red;1994;107072;4;197;gasoline;213;2800;2
726;audi;a6_2.4;sedan;36899;violet;1996;54277;4;165;gasoline;213;2400;8
727;mercedes-benz;e_220_diesel;sedan;32999;gray;1996;61254;4;95;diesel;187;2200;3
728;mercedes-benz;c_200;sedan;20699;red;1995;105815;4;136;gasoline;183;2000;2
729;vw;golf;station_wagon;33199;white;1996;41728;5;190;gasoline;183;1800;3
730;vw;golf;fastback;13199;dark_red;1996;94379;2;90;gasoline;183;1800;3
731;bmw;318i;station_wagon;30699;dark_gray;1995;45809;5;115;gasoline;183;1800;1
732;bmw;325td;station_wagon;18599;dark_gray;1995;118450;5;115;diesel;203;2500;4
733;mercedes-benz;e_320;sedan;51399;red;1996;52991;4;224;gasoline;241;3200;4
734;mercedes-benz;c_220_diesel;sedan;32999;black;1995;42550;4;95;diesel;187;2200;0
735;vw;golf;station_wagon;27799;dark_blue;1997;5245;5;100;gasoline;183;1800;2
736;bmw;523i;sedan;28399;black;1996;91720;4;170;gasoline;197;2300;4
737;vw;golf;convertible;11999;gray;1995;105461;2;90;gasoline;183;1800;6
738;mercedes-benz;c_280;sedan;29799;dark_green;1995;84100;4;197;gasoline;213;2800;3
739;mercedes-benz;c_220_diesel;sedan;45399;blue;1997;4123;4;95;diesel;187;2200;8
740;vw;golf;station_wagon;9699;light_gray;1995;131411;5;100;gasoline;183;1800;2
741;bmw;520i;sedan;48699;light_gray;1996;14812;4;150;gasoline;183;2000;3
742;audi;a4_1.6;station_wagon;19499;black;1995;85917;5;101;gasoline;183;1600;6
743;bmw;318i;convertible;21299;dark_red;1995;89737;2;115;gasoline;183;1800;3
744;vw;golf;station_wagon;21399;light_gray;1996;58797;5;115;gasoline;183;1800;7
745;bmw;318i;convertible;32899;gray;1996;37532;2;115;gasoline;183;1800;1
746;bmw;328i;coupe;28699;orange;1994;84268;2;193;gasoline;213;2800;4
747;mercedes-benz;e_300_diesel;station_wagon;40099;black;1996;63451;5;176;diesel;224;3000;3
748;mercedes-benz;c_230_kompressor;sedan;30999;red;1995;73016;4;192;gasoline;197;2300;5
749;vw;passat;station_wagon;29299;dark_green;1996;46110;5;150;gasoline;183;1900;3
750;mercedes-benz;e_200;station_wagon;13899;turquoise;1994;169604;5;136;gasoline;183;2000;2
751;vw;passat;station_wagon;39799;yellow;1997;9294;5;150;gasoline;183;1900;5
752;bmw;316i;coupe;36899;yellow;1997;9544;2;102;gasoline;183;1600;7
753;vw;golf;station_wagon;15499;orange;1995;71171;5;75;gasoline;183;1800;2
754;bmw;520i;sedan;28099;gray;1996;84867;4;150;gasoline;183;2000;1
755;vw;golf;fastback;17699;black;1995;33554;2;60;gasoline;183;1800;0
756;bmw;320i;sedan;31999;dark_gray;1994;24008;4;150;gasoline;241;3200;8
757;audi;a4_1.6;sedan;24799;turquoise;1994;57510;4;101;gasoline;183;1600;3
758;vw;golf;fastback;29599;dark_green;1995;29242;2;174;gasoline;183;1800;5
759;bmw;325td;station_wagon;30399;gray;1994;49288;5;115;diesel;203;2500;6
760;audi;a4_1.9_tdi;station_wagon;31099;silver;1995;41525;5;90;diesel;173;1900;2
761;bmw;525tds;sedan;31999;dark_green;1996;75519;4;142;diesel;203;2500;7
762;audi;a4_2.8;station_wagon;36299;yellow;1995;52125;5;193;gasoline;213;2800;8
763;bmw;525tds;station_wagon;24899;silver;1995;105608;5;142;diesel;203;2500;3
764;bmw;325td;sedan;40799;green;1996;24453;4;115;diesel;203;2500;9
765;mercedes-benz;e_320;sedan;37899;black;1995;89768;4;224;gasoline;241;3200;4
766;vw;passat;station_wagon;33199;black;1996;19374;5;125;gasoline;183;1900;2
767;bmw;z3_2.8;roadster;56599;violet;1997;8884;2;191;gasoline;213;2800;6
768;mercedes-benz;c_280;sedan;17899;dark_gray;1994;145104;4;197;gasoline;213;2800;1
769;bmw;540i;sedan;81899;black;1996;10345;4;285;gasoline;252;4000;4
770;mercedes-benz;c_230_kompressor;station_wagon;31699;black;1996;70455;5;192;gasoline;197;2300;5
771;mercedes-benz;e_320;sedan;55999;blue;1995;35340;4;224;gasoline;241;3200;6
772;bmw;325td;station_wagon;35099;turquoise;1995;27324;5;115;diesel;203;2500;5
773;mercedes-benz;e_280;sedan;23399;white;1995;128108;4;204;gasoline;213;2800;9
774;vw;golf;convertible;27099;red;1996;16323;2;90;diesel;183;1800;5
775;vw;golf;convertible;23699;orange;1995;46630;2;115;gasoline;183;1800;3
776;vw;golf;fastback;19699;red;1995;26927;2;75;gasoline;183;1800;8
777;mercedes-benz;e_430;sedan;78399;gray;1997;29133;4;278;gasoline;252;4300;8
778;bmw;525tds;sedan;22899;violet;1995;115733;4;142;diesel;203;2500;4
779;mercedes-benz;c_180;sedan;36099;orange;1996;26371;4;122;gasoline;183;1800;3
780;vw;passat;station_wagon;26799;orange;1995;45002;5;125;gasoline;183;1900;1
781;bmw;540i;station_wagon;74299;violet;1997;29469;5;285;gasoline;252;4000;3
782;bmw;318i;fastback;40999;violet;1997;11168;2;115;gasoline;183;1800;2
783;vw;golf;fastback;11799;dark_gray;1994;103356;2;64;diesel;183;1800;4
784;mercedes-benz;e_220_diesel;station_wagon;20399;violet;1995;119276;5;95;diesel;187;2200;3
785;vw;golf;convertible;24199;dark_green;1997;21940;2;100;gasoline;183;1800;1
786;bmw;528i;station_wagon;23699;dark_green;1995;126678;5;193;gasoline;213;2800;6
787;vw;golf;fastback;7399;light_gray;1995;172285;2;90;diesel;183;1800;3
788;bmw;325tds;station_wagon;37399;dark_gray;1995;33003;5;142;diesel;203;2500;2
789;bmw;m3;convertible;62099;light_gray;1996;44505;2;320;gasoline;241;3500;4
790;bmw;325td;station_wagon;36499;dark_green;1995;24911;5;115;diesel;203;2500;7
791;bmw;320i;coupe;46199;dark_gray;1997;7068;2;150;gasoline;241;3200;2
792;mercedes-benz;c_240;sedan;31299;silver;1996;67623;4;170;gasoline;213;2400;2
793;vw;passat;sedan;33899;turquoise;1996;25351;4;150;gasoline;183;1900;3
794;audi;a4_1.9_tdi;station_wagon;35299;gray;1996;26306;5;90;diesel;173;1900;2
795;bmw;320i;convertible;17999;black;1995;122819;2;150;gasoline;241;3200;8
796;bmw;m3;convertible;28899;black;1994;136316;2;320;gasoline;241;3500;7
797;audi;a4_2.8;station_wagon;39799;gray;1995;41084;5;193;gasoline;213;2800;4
798;mercedes-benz;e_220_diesel;sedan;41899;light_gray;1995;27475;4;95;diesel;187;2200;8
799;vw;golf;fastback;20999;dark_blue;1995;96390;2;190;gasoline;183;1800;4
800;vw;passat;station_wagon;22199;dark_green;1996;57803;5;100;gasoline;183;1900;8
801;vw;passat;station_wagon;15399;dark_red;1995;123480;5;150;gasoline;183;1900;1
802;audi;a4_1.9_tdi;station_wagon;28999;yellow;1994;32577;5;90;diesel;173;1900;5
803;vw;passat;sedan;23699;gray;1995;28017;4;100;gasoline;183;1900;7
804;audi;a4_1.6;station_wagon;14599;green;1995;121262;5;101;gasoline;183;1600;6
805;vw;passat;sedan;23799;yellow;1995;59083;4;125;gasoline;183;1900;8
806;mercedes-benz;e_220_diesel;sedan;46199;dark_green;1996;20166;4;95;diesel;187;2200;6
807;mercedes-benz;c_250_diesel;station_wagon;32899;gray;1995;61739;5;150;diesel;203;2500;3
808;bmw;528i;station_wagon;44799;dark_red;1996;50064;5;193;gasoline;213;2800;8
809;vw;golf;station_wagon;18699;violet;1996;48316;5;64;diesel;183;1800;4
810;vw;golf;fastback;23999;dark_blue;1996;30663;2;90;diesel;183;1800;2
811;bmw;z3_1.8;roadster;7699;light_gray;1994;211484;2;115;gasoline;183;1800;1
812;vw;passat;sedan;9299;violet;1994;162132;4;100;gasoline;183;1900;1
813;vw;golf;fastback;20199;anthracite;1994;33409;2;90;diesel;183;1800;8
814;mercedes-benz;e_280;station_wagon;24799;silver;1995;121123;5;204;gasoline;213;2800;7
815;bmw;z3_1.8;roadster;19899;dark_red;1995;97784;2;115;gasoline;183;1800;9
816;vw;golf;station_wagon;15499;orange;1996;90392;5;110;diesel;183;1800;6
817;bmw;318i;station_wagon;11699;violet;1995;162073;5;115;gasoline;183;1800;6
818;vw;golf;convertible;20199;gray;1995;34202;2;75;gasoline;183;1800;5
819;vw;passat;sedan;27799;dark_red;1994;34638;4;150;gasoline;183;1900;1
820;mercedes-benz;c_220_diesel;sedan;39599;anthracite;1996;15788;4;95;diesel;187;2200;1
821;mercedes-benz;c_240;sedan;47299;yellow;1997;18005;4;170;gasoline;213;2400;4
822;bmw;z3_1.8;roadster;30999;turquoise;1995;44901;2;115;gasoline;183;1800;1
823;audi;a6_1.8_t;sedan;35499;gray;1996;52492;4;150;gasoline;183;1800;2
824;vw;golf;fastback;14999;red;1994;79154;2;100;gasoline;183;1800;1
825;vw;passat;sedan;29099;gray;1995;43957;4;110;diesel;183;1900;8
826;bmw;535i;station_wagon;64699;blue;1996;11919;5;235;gasoline;183;3500;5
827;vw;golf;station_wagon;30699;black;1996;10784;5;115;gasoline;183;1800;5
828;vw;golf;convertible;33099;blue;1997;6680;2;115;gasoline;183;1800;1
829;mercedes-benz;c_280;sedan;37399;green;1994;50750;4;197;gasoline;213;2800;2
830;bmw;z3_2.8;roadster;29299;red;1996;87821;2;191;gasoline;213;2800;2
831;bmw;328i;convertible;38099;blue;1996;50357;2;193;gasoline;213;2800;9
832;vw;golf;convertible;12999;green;1994;92522;2;75;gasoline;183;1800;8
833;audi;a4_1.8;sedan;35899;dark_gray;1996;24555;4;125;gasoline;183;1800;5
834;vw;passat;sedan;29599;silver;1996;33028;4;125;gasoline;183;1900;7
835;audi;a4_1.8_t;station_wagon;13299;orange;1994;153689;5;150;gasoline;183;1800;5
836;mercedes-benz;c_220_diesel;station_wagon;25299;white;1995;74521;5;95;diesel;187;2200;6
837;bmw;323i;coupe;24699;red;1996;91503;2;170;gasoline;197;2300;0
838;vw;golf;fastback;5799;red;1994;215968;2;115;gasoline;183;1800;1
839;mercedes-benz;c_220_diesel;station_wagon;18999;red;1994;108957;5;95;diesel;187;2200;6
840;vw;golf;fastback;10099;turquoise;1994;117511;2;64;diesel;183;1800;5
841;bmw;z3_1.8;roadster;19499;gray;1995;100508;2;115;gasoline;183;1800;1
842;vw;golf;fastback;9299;yellow;1994;135992;2;75;diesel;183;1800;6
843;vw;golf;fastback;36499;light_gray;1996;30240;2;190;gasoline;183;1800;2
844;bmw;323i;fastback;20399;white;1995;114846;2;170;gasoline;197;2300;4
845;mercedes-benz;c_200;sedan;35499;gray;1995;20585;4;136;gasoline;183;2000;7
846;vw;passat;station_wagon;19599;dark_gray;1995;94547;5;150;gasoline;183;1900;5
847;vw;golf;fastback;4799;light_gray;1994;212443;2;75;gasoline;183;1800;4
848;audi;a4_1.8;station_wagon;33699;turquoise;1995;15548;5;125;gasoline;183;1800;5
849;mercedes-benz;slk_230_kompressor;roadster;42899;dark_red;1996;44265;2;192;gasoline;197;2300;8
850;vw;passat;sedan;32199;turquoise;1997;23109;4;125;gasoline;183;1900;3
851;vw;golf;fastback;30199;black;1995;24724;2;174;gasoline;183;1800;4
852;vw;golf;fastback;16099;black;1995;93012;2;115;gasoline;183;1800;1
853;mercedes-benz;e_430;station_wagon;95199;black;1997;4296;5;278;gasoline;252;4300;1
854;audi;a4_1.6;sedan;23199;turquoise;1996;65138;4;101;gasoline;183;1600;2
855;vw;golf;station_wagon;22699;silver;1996;87423;5;190;gasoline;183;1800;8
856;mercedes-benz;e_280;station_wagon;49199;blue;1996;38878;5;204;gasoline;213;2800;2
857;bmw;z3_1.8;roadster;41599;orange;1997;9546;2;115;gasoline;183;1800;5
858;vw;passat;sedan;30999;black;1995;32073;4;110;diesel;183;1900;4
859;bmw;316i;sedan;17299;yellow;1995;100831;4;102;gasoline;183;1600;2
860;bmw;325tds;sedan;45699;light_gray;1996;15610;4;142;diesel;203;2500;4
861;mercedes-benz;c_180;station_wagon;31099;orange;1996;44315;5;122;gasoline;183;1800;8
862;bmw;318i;convertible;22599;green;1994;82747;2;115;gasoline;183;1800;7
863;mercedes-benz;e_220_diesel;station_wagon;47199;red;1996;8625;5;95;diesel;187;2200;1
864;mercedes-benz;c_240;sedan;49099;gray;1996;10719;4;170;gasoline;213;2400;2
865;mercedes-benz;e_430;sedan;43999;yellow;1994;98562;4;278;gasoline;252;4300;6
866;mercedes-benz;e_430;sedan;89999;blue;1997;12639;4;278;gasoline;252;4300;9
867;mercedes-benz;e_290_diesel;sedan;19099;light_gray;1995;139509;4;130;diesel;224;2900;4
868;vw;golf;fastback;14199;anthracite;1995;85554;2;100;gasoline;183;1800;7
869;bmw;320i;coupe;34399;dark_red;1996;44784;2;150;gasoline;241;3200;1
870;bmw;323i;station_wagon;25799;dark_green;1995;86363;5;170;gasoline;197;2300;5
871;vw;passat;sedan;49199;yellow;1997;6677;4;193;gasoline;183;1900;5
872;audi;a4_1.8;sedan;41499;red;1997;7090;4;125;gasoline;183;1800;6
873;audi;a6_1.8_t;sedan;25399;dark_blue;1995;92832;4;150;gasoline;183;1800;9
874;vw;golf;station_wagon;14399;white;1996;79809;5;75;gasoline;183;1800;7
875;vw;passat;sedan;29899;light_gray;1996;40577;4;110;diesel;183;1900;3
876;mercedes-benz;e_290_diesel;sedan;33099;black;1996;73495;4;130;diesel;224;2900;5
877;vw;passat;station_wagon;24399;blue;1994;68001;5;150;gasoline;183;1900;6
878;mercedes-benz;e_320;station_wagon;57499;dark_red;1995;35417;5;224;gasoline;241;3200;2
879;bmw;m3;sedan;87199;light_gray;1997;3740;4;320;gasoline;241;3500;7
880;bmw;328i;coupe;48599;yellow;1996;21277;2;193;gasoline;213;2800;5
881;mercedes-benz;e_300_diesel;station_wagon;46499;yellow;1995;45604;5;176;diesel;224;3000;5
882;vw;passat;sedan;22599;light_gray;1994;48596;4;100;gasoline;183;1900;9
883;mercedes-benz;c_220_diesel;station_wagon;20599;yellow;1995;99058;5;95;diesel;187;2200;2
884;audi;a4_1.9_tdi;station_wagon;38799;silver;1996;25910;5;110;diesel;173;1900;1
885;bmw;323i;sedan;24299;silver;1994;93660;4;170;gasoline;197;2300;3
886;bmw;m3;coupe;40299;silver;1996;96520;2;320;gasoline;241;3500;5
887;bmw;323i;station_wagon;9399;black;1994;207324;5;170;gasoline;197;2300;1
888;vw;passat;station_wagon;14899;silver;1995;105586;5;100;gasoline;183;1900;9
889;audi;a4_1.9_tdi;sedan;36799;dark_green;1997;21420;4;90;diesel;173;1900;1
890;vw;golf;station_wagon;29599;orange;1996;4954;5;110;diesel;183;1800;1
891;vw;passat;sedan;23599;blue;1995;68993;4;110;diesel;183;1900;2
892;bmw;540i;sedan;49499;orange;1995;78207;4;285;gasoline;252;4000;2
893;vw;golf;fastback;27599;dark_green;1996;21619;2;110;diesel;183;1800;4
894;audi;a4_1.6;station_wagon;38499;gray;1997;3468;5;101;gasoline;183;1600;6
895;vw;passat;sedan;30999;green;1995;17930;4;150;gasoline;183;1900;4
896;bmw;323i;coupe;35199;turquoise;1996;49149;2;170;gasoline;197;2300;1
897;vw;golf;convertible;21699;green;1996;34959;2;100;gasoline;183;1800;7
898;audi;a4_1.9_tdi;station_wagon;28799;yellow;1996;50831;5;90;diesel;173;1900;3
899;bmw;528i;sedan;32699;dark_red;1994;87943;4;193;gasoline;213;2800;0
900;audi;a4_1.8_t;sedan;29299;yellow;1996;59170;4;150;gasoline;183;1800;6
901;vw;passat;sedan;19099;orange;1995;119900;4;193;gasoline;183;1900;1
902;audi;a4_2.8;sedan;31999;red;1995;67052;4;193;gasoline;213;2800;7
903;bmw;m3;coupe;60399;dark_red;1996;47951;2;320;gasoline;241;3500;8
904;vw;passat;sedan;8199;turquoise;1994;198121;4;150;gasoline;183;1900;3
905;audi;a4_1.8;station_wagon;16099;dark_gray;1995;120734;5;125;gasoline;183;1800;0
906;vw;golf;station_wagon;12799;blue;1996;80675;5;60;gasoline;183;1800;8
907;audi;a6_2.8;sedan;29399;green;1994;95139;4;193;gasoline;213;2800;7
908;vw;golf;station_wagon;21099;dark_green;1996;33686;5;64;diesel;183;1800;3
909;mercedes-benz;c_250_diesel;station_wagon;41099;turquoise;1995;19908;5;150;diesel;203;2500;8
910;audi;a4_2.8;station_wagon;12399;gray;1994;180902;5;193;gasoline;213;2800;4
911;mercedes-benz;c_250_diesel;station_wagon;36499;gray;1995;49240;5;150;diesel;203;2500;2
912;vw;golf;station_wagon;22199;green;1997;23723;5;64;diesel;183;1800;5
913;bmw;320i;coupe;48099;dark_blue;1997;2827;2;150;gasoline;241;3200;1
914;bmw;323i;sedan;38699;orange;1995;25058;4;170;gasoline;197;2300;2
915;bmw;m3;coupe;38099;red;1995;103070;2;320;gasoline;241;3500;5
916;mercedes-benz;c_220_diesel;station_wagon;15199;silver;1995;135568;5;95;diesel;187;2200;8
917;bmw;316i;fastback;21499;turquoise;1996;74309;2;102;gasoline;183;1600;6
918;vw;golf;fastback;44999;dark_green;1997;5110;2;190;gasoline;183;1800;4
919;vw;golf;fastback;38399;gray;1996;8952;2;174;gasoline;183;1800;1
920;bmw;540i;sedan;33199;orange;1995;126076;4;285;gasoline;252;4000;8
921;mercedes-benz;e_290_diesel;sedan;51099;gray;1996;21332;4;130;diesel;224;2900;3
922;vw;golf;fastback;26799;dark_blue;1997;9487;2;75;diesel;183;1800;4
923;mercedes-benz;c_230_kompressor;sedan;36999;dark_gray;1996;51832;4;192;gasoline;197;2300;3
924;audi;a6_2.4;sedan;33899;gray;1996;64325;4;165;gasoline;213;2400;9
925;audi;a4_1.6;sedan;19499;white;1994;86029;4;101;gasoline;183;1600;7
926;mercedes-benz;e_430;station_wagon;25699;dark_gray;1994;162876;5;278;gasoline;252;4300;4
927;mercedes-benz;e_220_diesel;station_wagon;39999;light_gray;1995;28022;5;95;diesel;187;2200;6
928;bmw;323i;fastback;12499;dark_blue;1994;173401;2;170;gasoline;197;2300;2
929;mercedes-benz;e_290_diesel;sedan;45699;anthracite;1995;17118;4;130;diesel;224;2900;4
930;bmw;z3_1.8;roadster;43099;light_gray;1997;4493;2;115;gasoline;183;1800;2
931;mercedes-benz;e_320;station_wagon;60799;gray;1996;32855;5;224;gasoline;241;3200;4
932;audi;a4_1.9_tdi;sedan;45199;dark_green;1997;9669;4;110;diesel;173;1900;2
933;bmw;528i;station_wagon;15199;dark_blue;1994;179649;5;193;gasoline;213;2800;6
934;vw;passat;sedan;47599;dark_green;1997;10638;4;193;gasoline;183;1900;7
935;bmw;328i;sedan;17499;silver;1995;143505;4;193;gasoline;213;2800;0
936;audi;a4_1.8_t;station_wagon;36499;black;1997;32891;5;150;gasoline;183;1800;2
937;mercedes-benz;c_220_diesel;station_wagon;40399;violet;1997;18100;5;95;diesel;187;2200;3
938;vw;golf;fastback;9199;dark_green;1995;129714;2;75;gasoline;183;1800;2
939;bmw;320i;coupe;23399;anthracite;1996;90995;2;150;gasoline;241;3200;9
940;bmw;528i;sedan;17699;dark_blue;1995;161210;4;193;gasoline;213;2800;8
941;mercedes-benz;c_220_diesel;station_wagon;38399;violet;1996;10643;5;95;diesel;187;2200;6
942;bmw;m3;coupe;79599;yellow;1997;14750;2;320;gasoline;241;3500;6
943;vw;golf;convertible;18699;dark_blue;1996;74991;2;115;gasoline;183;1800;1
944;bmw;520i;station_wagon;43599;gray;1996;32042;5;150;gasoline;183;2000;7
945;bmw;316i;sedan;38799;gray;1997;3548;4;102;gasoline;183;1600;8
946;vw;golf;fastback;27999;red;1997;12200;2;90;diesel;183;1800;8
947;bmw;323i;fastback;12899;blue;1995;169899;2;170;gasoline;197;2300;5
948;vw;passat;station_wagon;17699;orange;1996;94877;5;125;gasoline;183;1900;2
949;vw;passat;station_wagon;12199;dark_green;1994;148498;5;110;diesel;183;1900;8
950;vw;golf;station_wagon;13499;light_gray;1995;91671;5;90;gasoline;183;1800;2
951;bmw;325td;sedan;46499;light_gray;1997;8593;4;115;diesel;203;2500;8
952;bmw;520i;sedan;18899;dark_red;1994;132628;4;150;gasoline;183;2000;4
953;vw;golf;station_wagon;11399;turquoise;1995;107986;5;75;gasoline;183;1800;8
954;bmw;540i;sedan;54099;silver;1996;67534;4;285;gasoline;252;4000;4
955;vw;passat;station_wagon;25799;gray;1995;23450;5;100;gasoline;183;1900;8
956;bmw;525tds;sedan;38499;red;1996;53298;4;142;diesel;203;2500;2
957;bmw;316i;sedan;29399;violet;1996;36859;4;102;gasoline;183;1600;2
958;vw;passat;station_wagon;18099;violet;1995;101125;5;110;diesel;183;1900;8